criterion,depth,accuracy,nodes
IG,0,0.810216,52067
IG,1,0.758061,3
IG,2,0.822670,7
IG,3,0.841671,15
IGR,0,0.809694,52062
IGR,1,0.760572,3
IGR,2,0.821626,7
IGR,3,0.840396,15
NWIG,0,814471,52059
NWIG,1,0.760563,3
NWIG,2,0.824574,7
NWIG,3,0.840258,15